accurate,hallucination,kb_article,chat_history,assistant_response
true,Pass,"1. **Determine the customer's inquiry type** - Identify if the customer is asking about: - Shipping rates - Shipping times - Order tracking - Shipping issues (lost, delayed, or damaged shipments) 2. **If the inquiry is about shipping rates** - Provide the customer with the following information: - Standard shipping rates based on their location - Any available expedited shipping options and their costs - Mention any promotions or free shipping thresholds (e.g., free shipping on orders over $50) - Confirm if they would like to proceed with an order or need further assistance. 3. **If the inquiry is about shipping times** - Inform the customer of the estimated delivery times for standard and expedited shipping: - Standard shipping: 5-7 business days - Expedited shipping: 2-3 business days - Clarify that these times may vary based on their location and any potential delays (e.g., holidays, weather). - Ask if they need assistance with anything else. 4. **If the inquiry is about order tracking** - Request the customer's order number. - Provide them with the tracking number and a link to the shipping carrier's website for real-time tracking. - Explain how to use the tracking number to check the status of their shipment. - Ask if they have any further questions or need additional help. 5. **If the inquiry is about shipping issues (lost, delayed, or damaged shipments)** - **For lost shipments:** - Confirm the order number and shipping address. - Check the shipping carrier's tracking information for updates. - If the package is confirmed lost, initiate a claim with the shipping carrier and inform the customer of the next steps. - **For delayed shipments:** - Check the tracking information for updates. - Inform the customer of any known delays and provide an estimated resolution time. - Offer to follow up with them if the issue persists. - **For damaged shipments:** - Ask the customer for photos of the damaged item and packaging. - If the damage is confirmed, initiate a replacement or refund process as per the return policy. - Provide instructions on how to return the damaged item if necessary. 6. **Provide additional support before closing out the ticket** - Ask the customer if there is anything else you can assist them with today. - Thank them for reaching out and assure them that their satisfaction is important to us.","[{'role': 'user', 'content': 'Can you tell me how much shipping will cost for my order?'}, {'role': 'assistant', 'content': 'Sure! Could you please provide me with your location so I can give you the standard shipping rates? Additionally, we have expedited shipping options available, and I can let you know about any promotions we may have.'}]","{'role': 'assistant', 'content': 'Once I have your location, I can provide you with the standard shipping rates based on your area. We also offer free shipping on orders over $50!'}"
true,Pass,"1. **Determine the customer's inquiry type** - Identify if the customer is asking about: - Shipping rates - Shipping times - Order tracking - Shipping issues (lost, delayed, or damaged shipments) 2. **If the inquiry is about shipping rates** - Provide the customer with the following information: - Standard shipping rates based on their location - Any available expedited shipping options and their costs - Mention any promotions or free shipping thresholds (e.g., free shipping on orders over $50) - Confirm if they would like to proceed with an order or need further assistance. 3. **If the inquiry is about shipping times** - Inform the customer of the estimated delivery times for standard and expedited shipping: - Standard shipping: 5-7 business days - Expedited shipping: 2-3 business days - Clarify that these times may vary based on their location and any potential delays (e.g., holidays, weather). - Ask if they need assistance with anything else. 4. **If the inquiry is about order tracking** - Request the customer's order number. - Provide them with the tracking number and a link to the shipping carrier's website for real-time tracking. - Explain how to use the tracking number to check the status of their shipment. - Ask if they have any further questions or need additional help. 5. **If the inquiry is about shipping issues (lost, delayed, or damaged shipments)** - **For lost shipments:** - Confirm the order number and shipping address. - Check the shipping carrier's tracking information for updates. - If the package is confirmed lost, initiate a claim with the shipping carrier and inform the customer of the next steps. - **For delayed shipments:** - Check the tracking information for updates. - Inform the customer of any known delays and provide an estimated resolution time. - Offer to follow up with them if the issue persists. - **For damaged shipments:** - Ask the customer for photos of the damaged item and packaging. - If the damage is confirmed, initiate a replacement or refund process as per the return policy. - Provide instructions on how to return the damaged item if necessary. 6. **Provide additional support before closing out the ticket** - Ask the customer if there is anything else you can assist them with today. - Thank them for reaching out and assure them that their satisfaction is important to us.","[{'role': 'user', 'content': 'Can you tell me how much shipping will cost for my order?'}, {'role': 'assistant', 'content': 'Sure! Could you please provide me with your location so I can give you the standard shipping rates? Additionally, we have expedited shipping options available, and I can let you know about any promotions we may have.'}]","{'role': 'assistant', 'content': 'Once I have your location, I can provide you with the standard shipping rates based on your area. We also offer free shipping on orders over $50!'}"
true,Pass,"1. **Initial Acknowledgment** - Greet the customer warmly and thank them for reaching out. - Confirm that you value their feedback and it is important for improving our products and services. 2. **Gather Feedback** - Ask the customer to provide specific details about their feedback: - What product are they providing feedback on? - What aspects of the product do they want to comment on? (e.g., quality, usability, features, etc.) - If applicable, ask if they have any suggestions for improvement. 3. **Categorize Feedback** - Classify the feedback into one of the following categories: - Positive: Compliments or praise about the product. - Constructive: Suggestions for improvement or issues encountered. - Negative: Complaints or serious concerns about the product. 4. **Document Feedback** - Record the feedback in the designated feedback tracking system. - Include the following information: - Customer name and contact information (if provided) - Product name and SKU - Date of feedback - Detailed feedback comments - Category of feedback 5. **Respond to Customer** - For Positive Feedback: - Thank the customer for their kind words and let them know their feedback will be shared with the relevant team. - For Constructive Feedback: - Thank the customer for their suggestions and assure them that their feedback will be reviewed by the product development team. - For Negative Feedback: - Apologize for their experience and assure them that their concerns will be escalated to the appropriate team for further investigation. 6. **Follow-Up** - If the feedback is constructive or negative, inform the customer that they may be contacted for further details or clarification. - Provide an estimated timeframe for when they might hear back regarding their feedback (if applicable). 7. **Close the Interaction** - Ask the customer if there is anything else you can assist them with today. - Thank them again for their feedback and for being a valued customer. 8. **Review and Analyze Feedback** - At the end of each month, review the collected feedback to identify trends and areas for improvement. - Share insights with the product development and marketing teams to inform future product enhancements and strategies.","[{'role': 'user', 'content': 'I wanted to give feedback on the new blender I bought.'}, {'role': 'assistant', 'content': 'Thank you for reaching out! We really appreciate your feedback. Could you please provide specific details about the blender? What aspects do you want to comment on and do you have any suggestions for improvement?'}, {'role': 'user', 'content': 'I love the design, but it’s a bit noisy. Maybe you could consider a quieter motor?'}]","{'role': 'assistant', 'content': 'Thank you for your kind words about the design! I will forward your suggestion about the motor noise to our product development team for review. Is there anything else I can assist you with today?'}"
true,Pass,"1. **Initial Acknowledgment** - Greet the customer warmly and thank them for reaching out. - Confirm that you value their feedback and it is important for improving our products and services. 2. **Gather Feedback** - Ask the customer to provide specific details about their feedback: - What product are they providing feedback on? - What aspects of the product do they want to comment on? (e.g., quality, usability, features, etc.) - If applicable, ask if they have any suggestions for improvement. 3. **Categorize Feedback** - Classify the feedback into one of the following categories: - Positive: Compliments or praise about the product. - Constructive: Suggestions for improvement or issues encountered. - Negative: Complaints or serious concerns about the product. 4. **Document Feedback** - Record the feedback in the designated feedback tracking system. - Include the following information: - Customer name and contact information (if provided) - Product name and SKU - Date of feedback - Detailed feedback comments - Category of feedback 5. **Respond to Customer** - For Positive Feedback: - Thank the customer for their kind words and let them know their feedback will be shared with the relevant team. - For Constructive Feedback: - Thank the customer for their suggestions and assure them that their feedback will be reviewed by the product development team. - For Negative Feedback: - Apologize for their experience and assure them that their concerns will be escalated to the appropriate team for further investigation. 6. **Follow-Up** - If the feedback is constructive or negative, inform the customer that they may be contacted for further details or clarification. - Provide an estimated timeframe for when they might hear back regarding their feedback (if applicable). 7. **Close the Interaction** - Ask the customer if there is anything else you can assist them with today. - Thank them again for their feedback and for being a valued customer. 8. **Review and Analyze Feedback** - At the end of each month, review the collected feedback to identify trends and areas for improvement. - Share insights with the product development and marketing teams to inform future product enhancements and strategies.","[{'role': 'user', 'content': 'I wanted to give feedback on the new blender I bought.'}, {'role': 'assistant', 'content': 'Thank you for reaching out! We really appreciate your feedback. Could you please provide specific details about the blender? What aspects do you want to comment on and do you have any suggestions for improvement?'}, {'role': 'user', 'content': 'I love the design, but it’s a bit noisy. Maybe you could consider a quieter motor?'}]","{'role': 'assistant', 'content': 'Thank you for your kind words about the design! I will forward your suggestion about the motor noise to our product development team for review. Is there anything else I can assist you with today?'}"
true,Pass,"1. **Initial Acknowledgment** - Greet the customer warmly and thank them for reaching out. - Confirm that you value their feedback and it is important for improving our products and services. 2. **Gather Feedback** - Ask the customer to provide specific details about their feedback: - What product are they providing feedback on? - What aspects of the product do they want to comment on? (e.g., quality, usability, features, etc.) - If applicable, ask if they have any suggestions for improvement. 3. **Categorize Feedback** - Classify the feedback into one of the following categories: - Positive: Compliments or praise about the product. - Constructive: Suggestions for improvement or issues encountered. - Negative: Complaints or serious concerns about the product. 4. **Document Feedback** - Record the feedback in the designated feedback tracking system. - Include the following information: - Customer name and contact information (if provided) - Product name and SKU - Date of feedback - Detailed feedback comments - Category of feedback 5. **Respond to Customer** - For Positive Feedback: - Thank the customer for their kind words and let them know their feedback will be shared with the relevant team. - For Constructive Feedback: - Thank the customer for their suggestions and assure them that their feedback will be reviewed by the product development team. - For Negative Feedback: - Apologize for their experience and assure them that their concerns will be escalated to the appropriate team for further investigation. 6. **Follow-Up** - If the feedback is constructive or negative, inform the customer that they may be contacted for further details or clarification. - Provide an estimated timeframe for when they might hear back regarding their feedback (if applicable). 7. **Close the Interaction** - Ask the customer if there is anything else you can assist them with today. - Thank them again for their feedback and for being a valued customer. 8. **Review and Analyze Feedback** - At the end of each month, review the collected feedback to identify trends and areas for improvement. - Share insights with the product development and marketing teams to inform future product enhancements and strategies.","[{'role': 'user', 'content': 'I wanted to give feedback on the new blender I bought.'}, {'role': 'assistant', 'content': 'Thank you for reaching out! We really appreciate your feedback. Could you please provide specific details about the blender? What aspects do you want to comment on and do you have any suggestions for improvement?'}, {'role': 'user', 'content': 'I love the design, but it’s a bit noisy. Maybe you could consider a quieter motor?'}]","{'role': 'assistant', 'content': 'Thank you for your kind words about the design! I will forward your suggestion about the motor noise to our product development team for review. Is there anything else I can assist you with today?'}"
true,Pass,"1. **Initial Inquiry** - Greet the customer and ask for details about the product in question, including: - Product name - Purchase date - Description of the issue 2. **Verify Warranty Status** - Check the purchase date against the warranty period: - Standard warranty: 1 year from the date of purchase - Extended warranty (if applicable): 2 years from the date of purchase - If the purchase date is within the warranty period, proceed to step 3. - If the purchase date is outside the warranty period, inform the customer that the warranty has expired and provide options for repair or replacement at their expense. 3. **Assess the Issue** - Determine if the issue is covered under the warranty: - Manufacturing defects: Covered - Wear and tear: Not covered - Customer misuse or accidental damage: Not covered - If the issue is covered, proceed to step 4. - If the issue is not covered, inform the customer that the warranty does not apply and provide options for repair or replacement at their expense. 4. **Process Warranty Claim** - Request the following from the customer: - Proof of purchase (receipt or order confirmation) - Photos of the product showing the issue - Once received, verify the information and confirm that the claim is valid. - If valid, inform the customer of the next steps: - Provide instructions for returning the product (if applicable) - Inform them of the estimated time for processing the warranty claim (typically 2-4 weeks) 5. **Follow-Up** - After processing the warranty claim, follow up with the customer to confirm: - The status of their claim - Any additional information they may need - Ask if there is anything else you can assist them with. 6. **Documentation** - Document all interactions and decisions made regarding the warranty claim in the customer support system for future reference.","[{'role': 'user', 'content': 'I need help with a warranty claim.'}, {'role': 'assistant', 'content': 'Of course! Can you please provide me with the product name, the purchase date, and a description of the issue you are experiencing?'}, {'role': 'user', 'content': ""It's a blender I bought six months ago that stopped working.""}]","{'role': 'assistant', 'content': 'Thanks for the information! Since your blender is within the standard one-year warranty, can you provide proof of purchase and some photos of the blender showing the issue? Once I have that, I can help you with the next steps for your warranty claim.'}"
true,Pass,"1. **Initial Inquiry** - Greet the customer and ask for details about the product in question, including: - Product name - Purchase date - Description of the issue 2. **Verify Warranty Status** - Check the purchase date against the warranty period: - Standard warranty: 1 year from the date of purchase - Extended warranty (if applicable): 2 years from the date of purchase - If the purchase date is within the warranty period, proceed to step 3. - If the purchase date is outside the warranty period, inform the customer that the warranty has expired and provide options for repair or replacement at their expense. 3. **Assess the Issue** - Determine if the issue is covered under the warranty: - Manufacturing defects: Covered - Wear and tear: Not covered - Customer misuse or accidental damage: Not covered - If the issue is covered, proceed to step 4. - If the issue is not covered, inform the customer that the warranty does not apply and provide options for repair or replacement at their expense. 4. **Process Warranty Claim** - Request the following from the customer: - Proof of purchase (receipt or order confirmation) - Photos of the product showing the issue - Once received, verify the information and confirm that the claim is valid. - If valid, inform the customer of the next steps: - Provide instructions for returning the product (if applicable) - Inform them of the estimated time for processing the warranty claim (typically 2-4 weeks) 5. **Follow-Up** - After processing the warranty claim, follow up with the customer to confirm: - The status of their claim - Any additional information they may need - Ask if there is anything else you can assist them with. 6. **Documentation** - Document all interactions and decisions made regarding the warranty claim in the customer support system for future reference.","[{'role': 'user', 'content': 'I need help with a warranty claim.'}, {'role': 'assistant', 'content': 'Of course! Can you please provide me with the product name, the purchase date, and a description of the issue you are experiencing?'}, {'role': 'user', 'content': ""It's a blender I bought six months ago that stopped working.""}]","{'role': 'assistant', 'content': 'Thanks for the information! Since your blender is within the standard one-year warranty, can you provide proof of purchase and some photos of the blender showing the issue? Once I have that, I can help you with the next steps for your warranty claim.'}"
true,Pass,"1. **Initial Inquiry** - Greet the customer and ask for details about the product in question, including: - Product name - Purchase date - Description of the issue 2. **Verify Warranty Status** - Check the purchase date against the warranty period: - Standard warranty: 1 year from the date of purchase - Extended warranty (if applicable): 2 years from the date of purchase - If the purchase date is within the warranty period, proceed to step 3. - If the purchase date is outside the warranty period, inform the customer that the warranty has expired and provide options for repair or replacement at their expense. 3. **Assess the Issue** - Determine if the issue is covered under the warranty: - Manufacturing defects: Covered - Wear and tear: Not covered - Customer misuse or accidental damage: Not covered - If the issue is covered, proceed to step 4. - If the issue is not covered, inform the customer that the warranty does not apply and provide options for repair or replacement at their expense. 4. **Process Warranty Claim** - Request the following from the customer: - Proof of purchase (receipt or order confirmation) - Photos of the product showing the issue - Once received, verify the information and confirm that the claim is valid. - If valid, inform the customer of the next steps: - Provide instructions for returning the product (if applicable) - Inform them of the estimated time for processing the warranty claim (typically 2-4 weeks) 5. **Follow-Up** - After processing the warranty claim, follow up with the customer to confirm: - The status of their claim - Any additional information they may need - Ask if there is anything else you can assist them with. 6. **Documentation** - Document all interactions and decisions made regarding the warranty claim in the customer support system for future reference.","[{'role': 'user', 'content': 'I need help with a warranty claim.'}, {'role': 'assistant', 'content': 'Of course! Can you please provide me with the product name, the purchase date, and a description of the issue you are experiencing?'}, {'role': 'user', 'content': ""It's a blender I bought six months ago that stopped working.""}]","{'role': 'assistant', 'content': 'Thanks for the information! Since your blender is within the standard one-year warranty, can you provide proof of purchase and some photos of the blender showing the issue? Once I have that, I can help you with the next steps for your warranty claim.'}"
true,Pass,"1. **Initial Inquiry** - Greet the customer and ask for their reason for wanting to delete their account. - Categorize their response into one of the following buckets: - Privacy concerns: The customer is worried about data security or privacy. - Service dissatisfaction: The customer is unhappy with the service or product. - No longer needed: The customer no longer finds the service useful. - Other: Any other reason provided by the customer. 2. **Addressing the Reason for Deletion** - **If the reason is 'Privacy concerns':** - Reassure the customer about our data protection policies. - Offer to provide information on how their data is handled and stored. - Ask if they would like to proceed with the deletion after providing this information. - **If the reason is 'Service dissatisfaction':** - Ask the customer for specific feedback on what they were dissatisfied with. - Offer to resolve any issues or provide alternatives that may improve their experience. - If they still wish to proceed with deletion, continue to step 3. - **If the reason is 'No longer needed':** - Thank the customer for their past usage and ask if there is anything we can do to retain them. - If they still wish to proceed with deletion, continue to step 3. - **If the reason is 'Other':** - Ask for clarification on their reason. - Address their concerns accordingly and determine if they still wish to proceed with deletion. 3. **Confirming Account Deletion** - If the customer confirms they want to delete their account: - Inform them that account deletion is permanent and cannot be undone. - Ask for confirmation one more time to ensure they understand the implications. - If they confirm, proceed to delete the account. 4. **Processing the Deletion** - Access the account management system and locate the customer’s account. - Follow the internal procedure for account deletion, ensuring all data is removed in compliance with privacy regulations. - Send a confirmation email to the customer stating that their account has been successfully deleted. 5. **Provide Additional Support** - Ask the customer if there is anything else you can assist them with before closing the ticket. - Thank them for their time and for being a part of our community, wishing them well in the future.","[{'role': 'user', 'content': 'I want to delete my account.'}, {'role': 'assistant', 'content': ""I'm sorry to hear that. Can you please share why you wish to delete your account?""}, {'role': 'user', 'content': ""I'm just not finding the service useful anymore.""}]","{'role': 'assistant', 'content': 'Thank you for your past usage! Before you proceed, is there anything we can do to make the service more useful for you? If you still wish to delete your account, please let me know.'}"
true,Pass,"1. **Initial Inquiry** - Greet the customer and ask for their reason for wanting to delete their account. - Categorize their response into one of the following buckets: - Privacy concerns: The customer is worried about data security or privacy. - Service dissatisfaction: The customer is unhappy with the service or product. - No longer needed: The customer no longer finds the service useful. - Other: Any other reason provided by the customer. 2. **Addressing the Reason for Deletion** - **If the reason is 'Privacy concerns':** - Reassure the customer about our data protection policies. - Offer to provide information on how their data is handled and stored. - Ask if they would like to proceed with the deletion after providing this information. - **If the reason is 'Service dissatisfaction':** - Ask the customer for specific feedback on what they were dissatisfied with. - Offer to resolve any issues or provide alternatives that may improve their experience. - If they still wish to proceed with deletion, continue to step 3. - **If the reason is 'No longer needed':** - Thank the customer for their past usage and ask if there is anything we can do to retain them. - If they still wish to proceed with deletion, continue to step 3. - **If the reason is 'Other':** - Ask for clarification on their reason. - Address their concerns accordingly and determine if they still wish to proceed with deletion. 3. **Confirming Account Deletion** - If the customer confirms they want to delete their account: - Inform them that account deletion is permanent and cannot be undone. - Ask for confirmation one more time to ensure they understand the implications. - If they confirm, proceed to delete the account. 4. **Processing the Deletion** - Access the account management system and locate the customer’s account. - Follow the internal procedure for account deletion, ensuring all data is removed in compliance with privacy regulations. - Send a confirmation email to the customer stating that their account has been successfully deleted. 5. **Provide Additional Support** - Ask the customer if there is anything else you can assist them with before closing the ticket. - Thank them for their time and for being a part of our community, wishing them well in the future.","[{'role': 'user', 'content': 'I want to delete my account.'}, {'role': 'assistant', 'content': ""I'm sorry to hear that. Can you please share why you wish to delete your account?""}, {'role': 'user', 'content': ""I'm just not finding the service useful anymore.""}]","{'role': 'assistant', 'content': 'Thank you for your past usage! Before you proceed, is there anything we can do to make the service more useful for you? If you still wish to delete your account, please let me know.'}"
true,Pass,"1. **Initial Inquiry** - Greet the customer and ask for their reason for wanting to delete their account. - Categorize their response into one of the following buckets: - Privacy concerns: The customer is worried about data security or privacy. - Service dissatisfaction: The customer is unhappy with the service or product. - No longer needed: The customer no longer finds the service useful. - Other: Any other reason provided by the customer. 2. **Addressing the Reason for Deletion** - **If the reason is 'Privacy concerns':** - Reassure the customer about our data protection policies. - Offer to provide information on how their data is handled and stored. - Ask if they would like to proceed with the deletion after providing this information. - **If the reason is 'Service dissatisfaction':** - Ask the customer for specific feedback on what they were dissatisfied with. - Offer to resolve any issues or provide alternatives that may improve their experience. - If they still wish to proceed with deletion, continue to step 3. - **If the reason is 'No longer needed':** - Thank the customer for their past usage and ask if there is anything we can do to retain them. - If they still wish to proceed with deletion, continue to step 3. - **If the reason is 'Other':** - Ask for clarification on their reason. - Address their concerns accordingly and determine if they still wish to proceed with deletion. 3. **Confirming Account Deletion** - If the customer confirms they want to delete their account: - Inform them that account deletion is permanent and cannot be undone. - Ask for confirmation one more time to ensure they understand the implications. - If they confirm, proceed to delete the account. 4. **Processing the Deletion** - Access the account management system and locate the customer’s account. - Follow the internal procedure for account deletion, ensuring all data is removed in compliance with privacy regulations. - Send a confirmation email to the customer stating that their account has been successfully deleted. 5. **Provide Additional Support** - Ask the customer if there is anything else you can assist them with before closing the ticket. - Thank them for their time and for being a part of our community, wishing them well in the future.","[{'role': 'user', 'content': 'I want to delete my account.'}, {'role': 'assistant', 'content': ""I'm sorry to hear that. Can you please share why you wish to delete your account?""}, {'role': 'user', 'content': ""I'm just not finding the service useful anymore.""}]","{'role': 'assistant', 'content': 'Thank you for your past usage! Before you proceed, is there anything we can do to make the service more useful for you? If you still wish to delete your account, please let me know.'}"
true,Pass,"1. **Acknowledge the Complaint** - Greet the customer warmly and thank them for reaching out. - Express empathy regarding their situation (e.g., ""I’m sorry to hear that you’ve had this experience""). 2. **Gather Information** - Ask the customer to provide details about their complaint: - What specific issue are they facing? - When did the issue occur? - What resolution are they seeking? - Document all relevant information in the customer support system. 3. **Categorize the Complaint** - Determine the category of the complaint based on the information provided: - Product Quality: Issues related to the product's performance or condition. - Service Quality: Issues related to customer service interactions. - Delivery Issues: Problems with shipping or delivery times. - Billing Issues: Concerns regarding charges or payments. - If the complaint does not fit into these categories, escalate to a supervisor. 4. **Assess the Situation** - For each category, follow the specific guidelines: - **Product Quality**: - Ask if the customer has tried any troubleshooting steps. - If applicable, offer a replacement or refund based on the return policy. - **Service Quality**: - Apologize for the inconvenience and offer to escalate the issue to a supervisor if necessary. - **Delivery Issues**: - Check the order status and provide updates. If the order is delayed, offer a discount or compensation if applicable. - **Billing Issues**: - Review the billing details with the customer. If there is an error, correct it immediately and inform the customer of the changes. 5. **Propose a Resolution** - Based on the assessment, propose a resolution to the customer: - If a refund or replacement is offered, explain the process and timeline. - If escalating to a supervisor, inform the customer of the next steps and expected follow-up time. 6. **Confirm Satisfaction** - Ask the customer if they are satisfied with the proposed resolution. - If they agree, confirm the next steps and provide any necessary information (e.g., tracking numbers, timelines). 7. **Follow-Up** - Schedule a follow-up contact (if applicable) to ensure the issue has been resolved to the customer’s satisfaction. - Document the resolution and any follow-up actions in the customer support system. 8. **Close the Interaction** - Thank the customer for their patience and understanding. - Ask if there is anything else you can assist them with today before closing the ticket.","[{'role': 'user', 'content': 'I am really frustrated with the service I received.'}, {'role': 'assistant', 'content': ""I’m sorry to hear that you’ve had this experience. Thank you for reaching out. Can you please provide more details about the issue you're facing?""}, {'role': 'user', 'content': ""I ordered a product, and it took too long to arrive. I'm unhappy with the shipping time.""}]","{'role': 'assistant', 'content': 'Thank you for the information. I will check the order status for you right away. If it is delayed, I can also provide a discount as compensation. Let me find that information for you.'}"
true,Pass,"1. **Acknowledge the Complaint** - Greet the customer warmly and thank them for reaching out. - Express empathy regarding their situation (e.g., ""I’m sorry to hear that you’ve had this experience""). 2. **Gather Information** - Ask the customer to provide details about their complaint: - What specific issue are they facing? - When did the issue occur? - What resolution are they seeking? - Document all relevant information in the customer support system. 3. **Categorize the Complaint** - Determine the category of the complaint based on the information provided: - Product Quality: Issues related to the product's performance or condition. - Service Quality: Issues related to customer service interactions. - Delivery Issues: Problems with shipping or delivery times. - Billing Issues: Concerns regarding charges or payments. - If the complaint does not fit into these categories, escalate to a supervisor. 4. **Assess the Situation** - For each category, follow the specific guidelines: - **Product Quality**: - Ask if the customer has tried any troubleshooting steps. - If applicable, offer a replacement or refund based on the return policy. - **Service Quality**: - Apologize for the inconvenience and offer to escalate the issue to a supervisor if necessary. - **Delivery Issues**: - Check the order status and provide updates. If the order is delayed, offer a discount or compensation if applicable. - **Billing Issues**: - Review the billing details with the customer. If there is an error, correct it immediately and inform the customer of the changes. 5. **Propose a Resolution** - Based on the assessment, propose a resolution to the customer: - If a refund or replacement is offered, explain the process and timeline. - If escalating to a supervisor, inform the customer of the next steps and expected follow-up time. 6. **Confirm Satisfaction** - Ask the customer if they are satisfied with the proposed resolution. - If they agree, confirm the next steps and provide any necessary information (e.g., tracking numbers, timelines). 7. **Follow-Up** - Schedule a follow-up contact (if applicable) to ensure the issue has been resolved to the customer’s satisfaction. - Document the resolution and any follow-up actions in the customer support system. 8. **Close the Interaction** - Thank the customer for their patience and understanding. - Ask if there is anything else you can assist them with today before closing the ticket.","[{'role': 'user', 'content': 'I am really frustrated with the service I received.'}, {'role': 'assistant', 'content': ""I’m sorry to hear that you’ve had this experience. Thank you for reaching out. Can you please provide more details about the issue you're facing?""}, {'role': 'user', 'content': ""I ordered a product, and it took too long to arrive. I'm unhappy with the shipping time.""}]","{'role': 'assistant', 'content': 'Thank you for the information. I will check the order status for you right away. If it is delayed, I can also provide a discount as compensation. Let me find that information for you.'}"
true,Pass,"1. **Acknowledge the Complaint** - Greet the customer warmly and thank them for reaching out. - Express empathy regarding their situation (e.g., ""I’m sorry to hear that you’ve had this experience""). 2. **Gather Information** - Ask the customer to provide details about their complaint: - What specific issue are they facing? - When did the issue occur? - What resolution are they seeking? - Document all relevant information in the customer support system. 3. **Categorize the Complaint** - Determine the category of the complaint based on the information provided: - Product Quality: Issues related to the product's performance or condition. - Service Quality: Issues related to customer service interactions. - Delivery Issues: Problems with shipping or delivery times. - Billing Issues: Concerns regarding charges or payments. - If the complaint does not fit into these categories, escalate to a supervisor. 4. **Assess the Situation** - For each category, follow the specific guidelines: - **Product Quality**: - Ask if the customer has tried any troubleshooting steps. - If applicable, offer a replacement or refund based on the return policy. - **Service Quality**: - Apologize for the inconvenience and offer to escalate the issue to a supervisor if necessary. - **Delivery Issues**: - Check the order status and provide updates. If the order is delayed, offer a discount or compensation if applicable. - **Billing Issues**: - Review the billing details with the customer. If there is an error, correct it immediately and inform the customer of the changes. 5. **Propose a Resolution** - Based on the assessment, propose a resolution to the customer: - If a refund or replacement is offered, explain the process and timeline. - If escalating to a supervisor, inform the customer of the next steps and expected follow-up time. 6. **Confirm Satisfaction** - Ask the customer if they are satisfied with the proposed resolution. - If they agree, confirm the next steps and provide any necessary information (e.g., tracking numbers, timelines). 7. **Follow-Up** - Schedule a follow-up contact (if applicable) to ensure the issue has been resolved to the customer’s satisfaction. - Document the resolution and any follow-up actions in the customer support system. 8. **Close the Interaction** - Thank the customer for their patience and understanding. - Ask if there is anything else you can assist them with today before closing the ticket.","[{'role': 'user', 'content': 'I am really frustrated with the service I received.'}, {'role': 'assistant', 'content': ""I’m sorry to hear that you’ve had this experience. Thank you for reaching out. Can you please provide more details about the issue you're facing?""}, {'role': 'user', 'content': ""I ordered a product, and it took too long to arrive. I'm unhappy with the shipping time.""}]","{'role': 'assistant', 'content': 'Thank you for the information. I will check the order status for you right away. If it is delayed, I can also provide a discount as compensation. Let me find that information for you.'}"
true,Pass,"1. **Acknowledge the Complaint** - Greet the customer warmly and thank them for reaching out. - Express empathy regarding their situation (e.g., ""I’m sorry to hear that you’ve had this experience""). 2. **Gather Information** - Ask the customer to provide details about their complaint: - What specific issue are they facing? - When did the issue occur? - What resolution are they seeking? - Document all relevant information in the customer support system. 3. **Categorize the Complaint** - Determine the category of the complaint based on the information provided: - Product Quality: Issues related to the product's performance or condition. - Service Quality: Issues related to customer service interactions. - Delivery Issues: Problems with shipping or delivery times. - Billing Issues: Concerns regarding charges or payments. - If the complaint does not fit into these categories, escalate to a supervisor. 4. **Assess the Situation** - For each category, follow the specific guidelines: - **Product Quality**: - Ask if the customer has tried any troubleshooting steps. - If applicable, offer a replacement or refund based on the return policy. - **Service Quality**: - Apologize for the inconvenience and offer to escalate the issue to a supervisor if necessary. - **Delivery Issues**: - Check the order status and provide updates. If the order is delayed, offer a discount or compensation if applicable. - **Billing Issues**: - Review the billing details with the customer. If there is an error, correct it immediately and inform the customer of the changes. 5. **Propose a Resolution** - Based on the assessment, propose a resolution to the customer: - If a refund or replacement is offered, explain the process and timeline. - If escalating to a supervisor, inform the customer of the next steps and expected follow-up time. 6. **Confirm Satisfaction** - Ask the customer if they are satisfied with the proposed resolution. - If they agree, confirm the next steps and provide any necessary information (e.g., tracking numbers, timelines). 7. **Follow-Up** - Schedule a follow-up contact (if applicable) to ensure the issue has been resolved to the customer’s satisfaction. - Document the resolution and any follow-up actions in the customer support system. 8. **Close the Interaction** - Thank the customer for their patience and understanding. - Ask if there is anything else you can assist them with today before closing the ticket.","[{'role': 'user', 'content': 'I am really frustrated with the service I received.'}, {'role': 'assistant', 'content': ""I’m sorry to hear that you’ve had this experience. Thank you for reaching out. Can you please provide more details about the issue you're facing?""}, {'role': 'user', 'content': ""I ordered a product, and it took too long to arrive. I'm unhappy with the shipping time.""}]","{'role': 'assistant', 'content': 'Thank you for the information. I will check the order status for you right away. If it is delayed, I can also provide a discount as compensation. Let me find that information for you.'}"
